Model,Best Params,Accuracy,Precision,Recall,F1,ROC-AUC
LogisticRegression,{'model__C': 0.01},0.8111022257763562,0.7922048987096675,0.9834173669467787,0.8774425476922433,0.7510643879684127
SVC,"{'model__kernel': 'linear', 'model__C': 0.1}",0.8094762095161936,0.7906954647474034,0.9834173669467787,0.8765166727955774,0.7057718391000125
RandomForest,"{'model__n_estimators': 200, 'model__max_depth': 5}",0.8078368652538984,0.7913833245333304,0.978655462184874,0.8750450938602512,0.7543446474406228
GradientBoosting,"{'model__n_estimators': 100, 'model__learning_rate': 0.01}",0.8045848327335733,0.7872008089482962,0.9810644257703082,0.8734585532438525,0.7175743941301217
DecisionTree,{'model__max_depth': 5},0.7818072770891644,0.7771219128510889,0.9573109243697479,0.857774014875161,0.6786366651923927
KNN,{'model__n_neighbors': 7},0.7801679328268692,0.7831936020558081,0.9407843137254902,0.8547130824789434,0.7437304516948481
